feature,importance
slope,0.09239365750528548
landcover,0.09015338266384784
elevation,0.08292452431289649
aspect,0.0014293868921776754
